,GATA3,IL13,IFNg,IL4,IL10,PD1,Perforin,TNF,Ki67
20811_BCG_019.fcs,722,1573,4965,1594,312,677,2099,3769,
"20811_E,2f,C_020.fcs",690,1615,2639,1699,n/a,684,1506,3132,
20811_HIV_021.fcs,705,1741,3816,1579,316,689,1523,2650,
20811_Nil_018.fcs,722,1994,2219,1788,335,679,1633,2928,
20811_SEB_023.fcs,712,1188,3483,1342,437,702,1523,2524,
29270_BCG_034.fcs,692,1555,2865,2210,326,649,3400,2877,
"29270_E,2f,C_035.fcs",718,1667,1028,2609,360,689,4308,2350,
29270_Nil_033.fcs,705,1680,1110,2262,310,660,3878,2337,
29270_SEB_036.fcs,732,1718,1683,1946,396,715,3590,3016,
110611_BCG_029.fcs,733,1297,3227,1870,658,666,1421,3816,
"110611_E,2f,C_030.fcs",738,1300,3052,1899,725,658,1183,3077,
110611_HIV_031.fcs,747,1735,3575,1994,n/a,666,1464,3554,
110611_Nil_028.fcs,735,1132,1161,1842,427,665,1168,3052,
110611_SEB_032.fcs,738,800,1712,1227,448,682,1204,2405,
110710_BCG_025.fcs,697,1440,2981,1358,344,628,1244,3332,
"110710_E,2f,C_026.fcs",682,1541,3511,1413,365,622,1016,3372,
110710_Nil_024.fcs,699,1863,1731,1389,n/a,616,1161,2505,
110710_SEB_027.fcs,720,893,2524,1244,453,631,1280,2946,
112010_BCG_020.fcs,466,1881,6747,1655,910,644,1594,4585,
"112010_E,2f,C_019.fcs",455,1287,26010,1677,n/a,662,1177,5462,
112010_Nil_018.fcs,473,1511,860,1811,1209,691,1285,3120,
112010_SEB_021.fcs,488,744,7629,1413,529,677,1232,3359,
112611_BCG_024.fcs,816,2703,4343,1547,n/a,629,1397,2871,
"112611_E,2f,C_023.fcs",550,3243,23650,1633,n/a,691,1280,2691,
112611_HIV_025.fcs,841,2194,417,1588,n/a,646,1206,3761,
112611_Nil_022.fcs,657,1380,537,1448,n/a,657,1132,n/a,
112611_SEB_026.fcs,775,878,11429,984,n/a,678,1670,3462,
211310_BCG FMT_034.fcs,n/a,2215,3352,2249,497,687,2529,3894,
211310_BCG_033.fcs,536,2022,5029,2244,380,698,2193,3612,
"211310_E,2f,C_032.fcs",485,1546,633,2447,433,700,2500,3151,
211310_Nil_031.fcs,483,1834,1020,2033,421,707,2382,3259,
211310_SEB_035.fcs,497,1838,4490,1839,488,736,1953,2697,
212520_BCG_029.fcs,540,1703,5191,1913,n/a,712,1114,3312,
"212520_E,2f,C_028.fcs",489,2684,1573,2056,385,763,1141,3420,
212520_Nil_027.fcs,492,2534,614,2128,344,724,1099,2236,
212520_SEB_030.fcs,489,1868,3731,1856,448,761,1453,3366,
2X531_BCG_033.fcs,606,671,2332,265,133,374,1235,849,
"2X531_E,2f,C_032.fcs",549,507,2452,261,174,377,1091,816,
2X531_HIV_034.fcs,563,1774,2442,252,148,370,1084,943,
2X531_Nil_031.fcs,568,447,2490,433,473,374,1057,828,
2X531_SEB_036.fcs,557,2052,1839,305,198,388,1317,1582,
14611_BCG_024.fcs,502,2771,2544,279,186,410,2563,4150,
"14611_E,2f,C_023.fcs",484,3441,2438,190,246,399,1558,1521,
14611_HIV_025.fcs,491,1606,2534,182,127,402,1748,2136,
14611_Nil_022.fcs,492,577,2660,238,140,410,2198,994,
14611_SEB_026.fcs,483,1579,2087,293,191,465,1846,1725,
111610_BCG_020.fcs,508,1957,2164,242,200,371,4091,3176,
"111610_E,2f,C_019.fcs",466,1913,2119,229,134,370,2826,1987,
111610_Nil_018.fcs,472,457,2283,195,322,369,2614,978,
111610_SEB_021.fcs,488,1330,1777,273,175,384,2843,1576,
239230_BCG_029.fcs,543,3641,2206,291,205,387,1237,1705,
"239230_E,2f,C_028.fcs",503,4049,2236,274,156,378,840,892,
239230_Nil_027.fcs,535,1051,2236,250,242,384,1095,1263,
239230_SEB_030.fcs,523,1846,1924,317,179,394,1170,1597,
25010_BCG_030.fcs,444,1262,9197,1822,288,564,3539,4604,
"25010_E,2f,C_031.fcs",442,2139,745,1946,276,545,3476,2509,
25010_Nil_029.fcs,475,1636,613,2424,234,544,3975,2099,
25010_SEB run on lo_033.fcs,507,760,4500,1884,253,595,3959,2987,
25010_SEB run on medium_032.fcs,469,616,4380,1910,251,559,3847,3101,
28631_BCG_019.fcs,508,1479,1693,1877,312,536,5604,2578,
"28631_E,2f,C_020.fcs",482,1565,540,2040,287,527,5640,2341,
28631_HIV_021.fcs,487,n/a,3339,1856,235,534,5439,2123,
28631_Nil_018.fcs,503,1977,689,1801,282,535,4862,2219,
28631_SEB_022.fcs,484,965,2707,1478,246,564,4272,3413,
110810_BCG_024.fcs,432,672,13053,1561,288,522,2650,8524,
"110810_E,2f,C_025.fcs",436,699,17531,1804,268,518,2905,4604,
110810_FMO run on low_028.fcs,441,1250,5497,1285,273,534,2877,4692,
110810_FMO_027.fcs,n/a,657,4821,1503,276,n/a,2951,4672,
110810_Nil_023.fcs,457,2069,11800,1874,276,521,2755,2957,
110810_SEB_026.fcs,494,666,6067,1405,256,522,2614,3831,
2044x_BCG_032.fcs,912,893,10530,4380,1018,661,1026,5268,
"2044x_E,2f,C_033.fcs",878,739,831,4751,401,649,1008,3083,
2044x_Nil_031.fcs,949,811,937,5302,515,669,946,2917,
2044x_SEB_034.fcs,941,950,4193,4159,570,676,893,3319,
22620_BCG_024.fcs,735,801,901,5257,584,650,1225,2681,
"22620_E,2f,C_025.fcs",728,907,1448,5279,1036,816,1010,3064,
22620_Nil_023.fcs,707,775,1006,5029,380,740,658,2992,
22620_SEB_026.fcs,700,890,3366,5628,615,869,1132,2934,
29630_BCG_028.fcs,871,709,5213,4518,452,649,2080,3476,
"29630_E,2f,C_029.fcs",857,667,8226,4924,546,658,1906,2750,
29630_Nil_027.fcs,865,714,765,5029,422,660,2080,2614,
29630_SEB_030.fcs,842,767,3910,4731,471,673,1426,2865,
29740_BCG_019.fcs,767,690,7714,2509,438,658,1295,3240,
"29740_E,2f,C_020.fcs",808,653,764,2865,453,660,1244,2519,
29740_SEB_021.fcs,898,1021,7446,3070,554,669,738,3504,
29740_nil_018.fcs,837,890,873,3227,443,653,1389,3583,
27730_290715_BCG_027.fcs,670,1867,8677,1991,1134,655,2619,1547,
27730_290715_SEB_029.fcs,479,713,10846,1655,1658,707,1946,2987,
27730_290715_aNil_026.fcs,639,1358,6926,1935,890,708,1968,1179,
29610_200815_BCG_031.fcs,546,1413,8755,1853,728,730,1784,3004,
"29610_200815_E,2f,C_032.fcs",535,1099,13575,2210,791,687,1609,2691,
29610_200815_SEB_033.fcs,540,796,7529,2198,562,748,1677,1667,
29610_200815_aNil_030.fcs,539,905,3189,2193,772,673,1495,1132,
11420_18-2-15_BCG_028.fcs,486,2433,1285,3273,1110,674,1168,1957,
"11420_18-2-15_E,2f,C_029.fcs",473,648,943,3157,423,677,1101,1582,
11420_18-2-15_SEB_030.fcs,534,958,2410,3839,567,692,1467,2815,
11420_18-2-15_aNil_027.fcs,480,556,788,3708,473,679,1136,1538,
111010_10-9-15_BCG_019.fcs,519,n/a,3462,3619,467,641,1867,2266,
"111010_10-9-15_E,2f,C_020.fcs",491,839,4913,4272,513,620,2099,4721,
111010_10-9-15_SEB_021.fcs,562,n/a,5246,2854,458,650,1615,2099,
111010_10-9-15_aNil_018.fcs,514,906,1030,4462,417,637,2048,1099,
219731_10-3-16_BCG_032.fcs,442,3345,1091,2337,n/a,613,2697,3934,
"219731_10-3-16_E,2f,C_031.fcs",401,3597,2433,2634,325,618,2728,3693,
219731_10-3-16_SEB_034.fcs,464,718,4361,2452,348,647,2588,2346,
219731_10-3-16_aNil_033.fcs,437,2854,1110,2461,250,631,2629,1832,
219731_10-3-16_yHIV_035.fcs,424,3234,1835,2558,254,612,2734,1884,
2044X 21-09-15_BCG_019.fcs,626,1849,7269,3095,1074,655,2843,5533,1699
"2044X 21-09-15_E,2f,C_020.fcs",528,2185,2660,3831,414,639,2665,3070,1498
2044X 21-09-15_Nil_018.fcs,577,1867,839,3649,772,717,2871,3208,1748
2044X 21-09-15_SEB_021.fcs,593,1010,5774,3886,358,707,2554,4091,1822
24230 15-10-15_BCG_028.fcs,545,2728,758,2755,305,793,2629,3101,1484
"24230 15-10-15_E,2f,C_029.fcs",489,2702,857,2660,358,786,3701,1715,1484
24230 15-10-15_Nil_027.fcs,545,2119,614,2771,875,641,2115,2476,1910
24230 15-10-15_SEB_030.fcs,538,796,3319,2593,384,750,2782,3299,1661
24720 22May15_BCG_027.fcs,424,2350,2160,285,3201,633,3634,2156,1190
"24720 22May15_E,2f,C_028.fcs",397,723,2292,912,1731,644,2788,3999,1397
24720 22May15_SEB_029.fcs,407,4176,2044,351,2917,694,2405,2578,1340
24720 22May15_aNil_026.fcs,429,1069,2377,318,1646,666,2691,1874,1350
28710_3Aug15_BCG_019.fcs,481,4500,2283,287,1987,718,5787,2681,1473
"28710_3Aug15_E,2f,C_020.fcs",403,4263,2029,241,2707,697,2957,1874,1683
28710_3Aug15_SEB_021.fcs,413,4924,1928,267,689,722,2319,2359,2288
28710_3Aug15_aNil_018.fcs,444,1825,2262,354,2529,708,2922,1686,1693
210920 30Sep15_BCG_023.fcs,393,1712,1664,249,1709,710,2310,2558,1172
"210920 30Sep15_E,2f,C_024.fcs",382,1415,1867,807,1190,692,2337,2202,1251
210920 30Sep15_SEB_025.fcs,417,2377,1784,282,858,663,2144,2262,1426
210920 30Sep15_aNil_022.fcs,409,839,1856,403,1478,692,2424,2405,1397
27231 20-Aug-15_BCG_019.fcs,402,5486,3046,302,1101,796,6253,4228,1689
"27231 20-Aug-15_E,2f,C_020.fcs",387,6631,3539,298,886,786,5900,3739,2068
27231 20-Aug-15_Nil_018.fcs,412,2578,3246,443,1983,747,5713,3441,1459
27231 20-Aug-15_SEB_021.fcs,460,6926,2793,427,2364,805,5114,2712,1506
24911 18 may 15_BCG_019.fcs,591,821,2072,271,1172,1239,677,5439,2095
"24911 18 may 15_E,2f,C_020.fcs",506,1069,1832,324,839,1345,738,4652,5147
24911 18 may 15_NIl_018.fcs,585,1014,1917,317,1335,1421,1046,4852,n/a
24911 18 may 15_SEB_021.fcs,333,4662,1220,515,3157,1360,793,1987,2107
24911 18 may 15_zHIV_023.fcs,574,1211,2529,263,1389,1345,888,5616,2040
21981x_BCG_019.fcs,377,860,3686,248,2119,685,4016,4547,1348
"21981x_E,2f,C_020.fcs",376,842,3372,271,2021,681,2877,3649,1440
21981x_SEB_021.fcs,391,4604,3476,270,725,679,3221,4159,1503
21981x_aNil_018.fcs,416,901,3040,275,7463,690,3040,3490,1518
16611_BCG_026.fcs,482,5370,2323,314,1815,631,4811,11507,1728
16611_CD3_027.fcs,463,1576,1683,321,1016,622,3641,3746,1731
16611_aNil_025.fcs,441,1489,1709,481,1839,630,4057,2396,1606
16611_zHIV_028.fcs,453,2882,2323,310,1555,636,5082,3221,1639
120110_Bcg_022.fcs,378,2405,1258,329,1360,697,2048,5925,1588
120110_CD3_023.fcs,411,2056,1350,343,769,679,2076,3266,1576
120110_aNil_021.fcs,386,798,1397,360,1295,649,2103,2457,1627
212130_BCG_030.fcs,405,4547,1728,347,1145,639,3345,6616,1561
212130_CD3_031.fcs,447,1983,1767,336,733,614,2987,3626,1564
212130_aNil_029.fcs,403,1190,1686,313,1244,613,2554,3413,1699
220210_BCG_019.fcs,375,5093,1597,348,810,619,3831,10271,1612
220210_CD3_020.fcs,404,2181,1464,329,1600,707,3583,4481,1649
220210_aNil_018.fcs,384,791,1573,356,1136,617,4781,3975,1529
13110_BCG_019.fcs,443,1867,1902,229,1535,690,2279,3701,1506
13110_CD3_021.fcs,388,835,1979,283,860,671,1652,2539,1297
"13110_E,2f,C_020.fcs",353,644,1764,229,1010,642,1509,2132,1261
13110_Nil_018.fcs,420,532,1983,250,1606,630,2040,3339,1529
24730_BCG_023.fcs,439,524,2091,246,837,611,1360,3942,1523
24730_CD3_025.fcs,497,1931,1798,229,674,676,1906,3547,1603
"24730_E,2f,C_024.fcs",381,499,1506,238,702,617,1600,3095,1456
24730_Nil_022.fcs,445,1515,2257,321,n/a,877,1754,2849,1636
27310_BCG_028.fcs,412,574,1529,215,846,641,1523,3138,1400
27310_CD3_030.fcs,399,546,1386,237,784,641,1227,3406,1337
"27310_E,2f,C_029.fcs",382,552,1506,317,671,718,1748,3022,1384
27310_Nil_027.fcs,415,538,1818,279,684,605,1615,2975,1535
14311_BCG_019.fcs,X,3448,2799,793,4407,641,1270,8716,2029
"14311_E,2f,C_020.fcs",X,7158,3312,814,3894,625,1152,4965,2010
14311_aNil_018.fcs,X,1251,3138,764,3490,707,1132,8697,1998
14311_zCD3_021.fcs,X,1856,2928,559,3201,720,1256,4290,1983
219520_BCG_027.fcs,X,1368,1709,314,1227,657,2037,2107,1350
"219520_E,2f,C_028.fcs",X,2040,1624,475,1801,625,2310,2676,1771
219520_aNil_026.fcs,X,1136,1808,496,1384,646,1983,5509,1538
219520_zCD3_029.fcs,X,2305,1764,356,877,641,2083,3761,1618
110210_BCG_019.fcs,X,3448,2799,793,4407,641,1270,8716,2029
"110210_E,2f,C_020.fcs",X,7158,3312,814,3894,625,1152,4965,2010
110210_aNil_018.fcs,X,1251,3138,764,3490,707,1132,8697,1998
110210_zCD3_021.fcs,X,1856,2928,559,3201,720,1256,4290,1983
220810_BCG_028.fcs,443,9156,1558,n/a,1718,654,1712,5093,1902
220810_CD3_030.fcs,510,1906,1547,271,1397,730,1770,4066,1839
"220810_E,2f,C_029.fcs",414,6762,1652,229,2928,680,2090,6531,2076
220810_Nil_027.fcs,485,1426,1849,540,1712,701,1598,2917,1481
221020_BCG_023.fcs,403,2650,1295,n/a,1751,643,2124,2934,1627
221020_CD3_025.fcs,472,2021,1270,352,765,653,1709,4862,1579
"221020_E,2f,C_024.fcs",403,470,1353,245,1664,683,2595,3701,1696
221020_Nil_022.fcs,446,3619,1386,216,2629,611,1624,4193,1849
221120_BCG_019.fcs,451,6267,1715,n/a,1853,736,2874,3163,1777
221120_CD3_021.fcs,455,1216,1503,229,2346,730,2581,2837,1696
"221120_E,2f,C_020.fcs",404,1086,1621,209,1683,730,2287,3286,1541
221120_Nil_018.fcs,437,931,1801,312,1655,805,2543,2529,1532
112410_BCG_019.fcs,521,7782,293,2837,282,550,2605,3259,2728
112410_CD3_021.fcs,549,2236,251,2653,278,564,2764,2052,2573
"112410_E,2f,C_020.fcs",455,4057,229,2983,365,571,2543,2103,2843
112410_Nil_018.fcs,499,984,1428,3290,332,556,2501,1600,3070
212311_BCG_023.fcs,491,992,217,2896,492,580,5177,1213,2899
212311_CD3_025.fcs,554,1467,331,2956,236,575,5239,1063,2871
"212311_E,2f,C_024.fcs",455,1051,603,2658,1238,586,4947,1110,2788
212311_HIV_026.fcs,446,1718,339,2956,n/a,587,4756,1114,2665
212311_Nil_022.fcs,465,952,272,2967,243,569,5208,1104,2665
20121_BCG_035.fcs,538,3046,2410,360,1462,631,1895,4016,1764
20121_CD3_037.fcs,527,1202,1842,289,1012,673,1804,2424,1777
"20121_E,2f,C_036.fcs",491,1147,2782,430,882,634,1863,3626,1774
20121_aNil_034.fcs,502,914,2529,245,579,638,1744,2905,1674
20121_zHIV_038.fcs,500,1163,2052,283,1172,652,1818,2634,1709
21971x_BCG_031.fcs,471,1946,2452,491,1275,702,1327,2871,1892
21971x_CD3_033.fcs,489,1467,2697,388,1091,710,1424,3151,2181
"21971x_E,2f,C_032.fcs",450,1147,3273,245,1547,682,1335,4176,2040
21971x_aNil_030.fcs,463,960,2782,275,1939,705,1292,3686,1920
110720_BCG_023.fcs,538,1523,2670,351,1053,752,1280,3292,1473
110720_CD3_025.fcs,517,1664,2214,254,743,774,1218,2843,1576
"110720_E,2f,C_024.fcs",492,1004,2177,343,1509,685,1249,3413,1564
110720_aNil_022.fcs,512,839,2103,317,1237,697,1235,3554,1670
119510_BCG_019.fcs,446,1110,3634,261,1748,941,1950,3693,1440
119510_CD3_021.fcs,395,1125,3386,290,2040,954,2495,2534,1655
"119510_E,2f,C_020.fcs",438,1172,4801,381,1266,684,1804,6896,1594
119510_aNil_018.fcs,491,1061,3823,333,1386,727,2119,3413,1415
111511_BCG_027.fcs,671,2072,2337,226,649,727,1501,2849,1818
"111511_E,2f,C_029.fcs",700,644,2236,639,1825,760,1437,2480,2052
111511_aNil_032.fcs,627,1076,2544,359,1195,728,1038,2604,1811
111511_fCD3_028.fcs,617,1696,2202,351,689,735,1251,6792,1751
111511_yHIV_030.fcs,619,1532,2644,316,1822,747,1924,2681,1972
111711_BCG_034.fcs,727,893,2350,396,918,723,4316,2223,1917
"111711_E,2f,C_036.fcs",633,684,2447,374,638,732,4202,1870,1979
111711_aNil_033.fcs,687,1498,2843,275,677,770,5462,2140,1801
111711_fCD3_035.fcs,527,1150,1712,308,871,737,4334,3539,1874
111711_zHIV_037.fcs,653,1405,2373,366,1386,755,4435,2231,2052
10711_BCG_024.fcs,565,641,3532,458,3448,1168,4791,4041,1822
10711_aNil_023.fcs,525,807,4955,n/a,5302,666,4316,5640,1649
"10711_dE,2f,C_025.fcs",487,1920,4057,279,3792,893,4263,7333,1618
10711_eCD3_026.fcs,573,1134,2860,556,4352,1051,3413,3386,3132
10711_fHIV_027.fcs,366,1179,3863,1407,2975,937,4537,6321,1702
13310_BCG_030.fcs,381,808,3942,325,3138,707,2917,1998,2214
13310_aNil_029.fcs,374,725,3926,602,3462,699,3214,3010,1928
"13310_dE,2f,C_031.fcs",374,1186,3769,348,2424,730,2750,2382,1899
13310_eCD3_032.fcs,381,920,3777,451,2424,793,2355,1808,1392
16011_BCG_019.fcs,389,1046,2414,298,3626,666,1292,2624,1292
16011_aNil_018.fcs,398,n/a,2428,282,1979,650,1492,3286,1931
"16011_dE,2f,C_020.fcs",391,1020,2405,388,1968,775,1266,3448,1327
16011_eCD3_021.fcs,405,2609,2534,556,2660,673,1689,3113,1363
16011_fHIV_022.fcs,377,1138,2305,321,1801,677,1899,1771,1371
15910_BCG_019.fcs,550,6028,3253,309,n/a,673,1186,3746,1642
15910_Nil_018.fcs,562,570,3386,354,n/a,661,1457,2288,1705
"15910_cE,2f,C_020.fcs",510,564,3649,314,44119,692,1245,1731,1696
15910_dCD3_021.fcs,477,899,2804,362,671,655,1475,2236,1771
128210 Baseline_BCG_024.fcs,538,2777,1734,354,2060,690,1748,2905,
"128210 Baseline_E,2f,C_025.fcs",490,3448,1593,306,1863,740,1615,3120,
128210 Baseline_Nil_023.fcs,524,962,1885,661,4623,715,1728,2676,
128210 Baseline_fCD3_026.fcs,549,1515,1342,354,3769,707,1570,3366,
228120 Baseline_BCG_019.fcs,461,1032,974,862,57058,984,1165,3145,
"228120 Baseline_E,2f,C_020.fcs",434,2223,964,238,835,1051,1263,3469,
228120 Baseline_Nil_018.fcs,470,1475,1009,286,60785,1310,1211,2442,
228120 Baseline_fCD3_021.fcs,507,2702,976,240,602,1046,1197,5071,
22802x_bcg_019.fcs,455,4528,2297,912,1368,679,1585,4444,1680
"22802x_e,2f,c_020.fcs",450,2634,2292,1099,730,655,1567,2917,1860
22802x_nil_018.fcs,458,2761,2471,835,925,699,1397,2815,1774
22802x_zCD3_021.fcs,497,1751,2297,478,810,692,1295,3462,1624
228220_bcg_023.fcs,431,5039,2310,576,602,663,984,5313,1609
"228220_e,2f,c_024.fcs",412,3095,2457,483,1552,666,1049,3246,1615
228220_nil_022.fcs,438,1410,2428,499,860,725,943,3312,1664
228220_zCD3_025.fcs,426,1464,2185,789,673,762,1078,3497,1582
22762x_BCG_024.fcs,n/a,1020,2428,246,3400,1036,1591,4913,1218
22762x_aNIl_023.fcs,420,1453,2554,309,2319,1223,1639,3448,1278
"22762x_cE,2f,C_025.fcs",n/a,1121,2554,373,1147,1072,1421,6028,1227
22762x_dCD3_026.fcs,468,1541,2396,255,1832,1588,1588,2766,1275
22762x_eHIV_027.fcs,362,1487,2438,385,695,1008,1350,2905,1216
29321_BCG_019.fcs,619,1674,2419,322,1170,650,1606,3386,1410
29321_aNil_018.fcs,1302,1202,2240,286,2033,676,1256,3878,1400
"29321_cE,2f,C_020.fcs",864,1360,2826,384,1633,682,1258,3483,1392
29321_dCD3_021.fcs,524,1397,2111,289,717,641,1376,1976,1230
29321_eHIV_022.fcs,769,1683,2495,383,4662,694,1353,2544,1777
228010_BCG_034.fcs,371,2452,1942,317,920,652,1976,2815,1564
228010_aNil_033.fcs,684,1345,2060,279,2257,718,1953,4272,1588
"228010_cE,2f,C_035.fcs",468,2634,2128,308,1994,694,1751,2963,1555
228010_dCD3_036.fcs,429,2206,1842,282,794,658,1397,1987,1216
228331_BCG_029.fcs,401,6777,1815,402,1305,737,1235,4986,1400
228331_aNIl_028.fcs,454,1652,1798,470,1254,781,1181,2373,1506
"228331_cE,2f,C_030.fcs",398,3777,1906,291,2111,808,1159,4167,1451
228331_dCD3_031.fcs,388,1705,1946,309,1227,710,1174,2270,1270
228331_eHIV_032.fcs,464,1421,1957,359,4924,715,1585,2992,1549
62661x_BCG_029.fcs,365,1564,1758,946,1825,1080,1053,2568,1523
62661x_aNil_028.fcs,394,2148,1658,948,1612,964,1028,3201,1738
"62661x_cE,2f,C_030.fcs",362,1376,1741,945,1541,980,1049,3234,1570
62661x_dCD3_031.fcs,358,1777,1728,933,1808,1063,1072,2911,1523
62682x_BCG_025.fcs,367,1758,1964,546,1512,779,2025,2998,1462
62682x_aNil_024.fcs,358,1957,2164,646,1538,782,1856,2391,1368
"62682x_cE,2f,C_026.fcs",362,1699,2373,564,1407,743,1991,2563,1642
62682x_dCD3_027.fcs,356,2140,1987,682,1751,877,1822,3286,1389
212231_BCG_019.fcs,389,2639,1794,755,1453,634,1538,4398,1529
212231_aNil_018.fcs,355,4074,1761,745,1558,745,1674,2644,1325
"212231_cE,2f,C_020.fcs",387,4872,1884,750,1639,666,1512,4841,1561
212231_dCD3_021.fcs,360,1055,1860,705,1748,860,1515,2355,1677
212231_eHIV_022.fcs,358,888,1979,774,1538,689,1555,2495,1594
16811_BCG_019.fcs,437,3120,1506,737,2037,764,990,5404,1381
16811_aNil_018.fcs,387,1261,1621,519,1532,727,912,2332,1481
"16811_cE,2f,C_020.fcs",391,3590,1535,893,1386,807,899,3894,1456
16811_dCD3_021.fcs,406,1278,1467,831,1649,732,1348,2934,1350
16811_eHIV_022.fcs,532,3731,1526,510,888,767,982,2712,1386
113011_BCG_024.fcs,362,3942,2519,611,2164,730,1193,3476,1386
113011_aNil_023.fcs,396,8620,2447,781,2099,848,871,3101,1585
"113011_cE,2f,C_025.fcs",421,4435,2461,1112,1991,824,906,3028,1594
113011_dCD3_026.fcs,362,1225,2619,606,2210,689,1038,2505,1360
113011_eHIV_027.fcs,481,6015,2563,263,1235,823,1161,2355,1495
125711_BCG_029.fcs,383,2639,1902,1097,2588,687,1371,3902,1413
125711_aNil_028.fcs,384,5750,1987,950,1835,694,1348,2364,1448
"125711_cE,2f,C_031.fcs",360,3525,2040,1218,2328,703,1340,3483,1453
125711_dCD3_030.fcs,354,1032,1972,760,1521,697,1273,2185,1242
125711_eHIV_032.fcs,438,3590,1939,304,1330,732,1300,2193,1451
127711_BCG_044.fcs,395,8262,2782,1106,1867,725,1661,6972,1310
127711_aNil_043.fcs,350,10747,2495,1125,2283,912,1754,2314,1410
"127711_cE,2f,C_045.fcs",360,7680,2739,801,2111,789,1603,6432,1424
127711_dCD3_046.fcs,365,1437,2744,1350,2495,800,1609,3070,1290
127711_eHIV_047.fcs,392,9156,2905,348,1315,782,1526,2206,1394
129010_BCG_035.fcs,396,3708,2214,486,1699,750,1132,2832,1358
129010_aNil_034.fcs,407,2301,2495,700,1771,978,2123,2189,1310
"129010_cE,2f,C_036.fcs",447,6308,2686,775,1397,840,2136,3259,1320
129010_dCD3_037.fcs,374,1815,2377,608,3052,717,1076,2544,1327
114810_BCG_024.fcs,350,5976,2723,488,705,772,943,12438,1822
114810_aNil_023.fcs,355,1108,2400,769,31114,732,1415,3227,1612
"114810_cE,2f,C_025.fcs",349,2424,2346,249,591,828,1000,5393,1910
114810_dCD3_026.fcs,355,1881,1544,697,2091,682,1000,3612,1470
114810_eIL12_027.fcs,349,2922,2539,1084,31945,803,960,2410,2040
122410_BCG_019.fcs,350,10699,2500,826,931,708,892,9795,1791
122410_aNil_018.fcs,372,2471,2457,837,28614,937,1179,2676,1470
"122410_cE,2f,C_020.fcs",352,10506,2279,682,17165,712,910,4751,1677
122410_dCD3_021.fcs,372,1811,1906,899,1478,630,1055,4371,1501
122410_eIL12_022.fcs,350,3221,2573,808,20617,705,937,3022,1588
13210_aNil_018.fcs,,,1261,1983,1451,718,1492,3511,1283
13210_bBCG_019.fcs,,,1072,1920,935,712,1979,2981,1242
"13210_cE,2f,C_020.fcs",,,732,1535,674,717,1044,2940,1209
13210_dCD3_021.fcs,,,1186,1680,434,781,1227,3942,1305
14711_aNil_024.fcs,,,525,2064,954,692,1038,11070,1606
14711_bBCG_025.fcs,,,782,2452,880,614,1061,2539,1104
"14711_cE,2f,C_026.fcs",,,3902,2405,770,611,893,8099,1389
14711_dCD3_027.fcs,,,1227,2111,641,633,1597,4751,1312
14711_gHIV_030.fcs,,,681,2691,663,596,980,n/a,1223
229110_aNil_037.fcs,,,1177,2341,593,801,1179,2156,1360
229110_bBCG_038.fcs,,,3863,2214,510,752,1199,6559,1330
"229110_cE,2f,C_039.fcs",,,2928,2249,673,786,1168,3259,1297
229110_dCD3_040.fcs,,,1345,1609,625,663,1521,3590,1292
23320_aNil_041.fcs,,,1242,3113,345,927,1529,3746,2928
23320_bBCG_042.fcs,,,3590,2877,329,774,1624,6488,2969
23320_cCD3_043.fcs,,,3058,2660,369,821,1579,7446,3132
32211_hHIV_034.fcs,,,958,2164,451,765,1667,3246,2624
32211_iNil FMO_035.fcs,,,2346,2433,320,879,1278,3441,3716
22804x_aNil_025.fcs,,,810,1312,395,800,1953,2849,1123
22804x_bBCG_026.fcs,,,3626,1302,378,738,2006,3777,1125
"22804x_cE,2f,C_027.fcs",,,842,1268,451,781,1798,1506,1143
22804x_dCD3_028.fcs,,,1448,1193,506,875,1815,3120,1163
123720_aNil_018.fcs,,,1020,1366,437,897,1036,2712,1213
123720_bBCG_019.fcs,,,2495,1489,373,840,1016,5701,1147
"123720_cE,2f,C_020.fcs",,,7189,1345,412,910,1012,17449,1141
123720_dCD3_021.fcs,,,1434,1227,377,842,1036,3120,1156
224320_aNil_037.fcs,,,828,1579,444,890,956,2712,1188
224320_bBCG_038.fcs,,,3518,1979,384,853,980,3259,1136
"224320_cE,2f,C_040.fcs",,,1481,1555,460,828,974,2119,1159
224320_dCD3_039.fcs,,,1295,1432,358,877,1026,3028,1138
225120_aNil_031.fcs,,,824,1627,641,1183,1168,2877,1138
225120_bBCG_032.fcs,,,875,1484,676,1053,1242,2428,1150
"225120_cE,2f,C_033.fcs",,,1677,1464,880,1016,992,1501,1141
225120_dCD3_034.fcs,,,1004,968,679,984,1379,3462,1150
22xx_BCG_020.fcs,,,1127,1961,4263,856,1287,1895,1410
"22xx_E,2f,C_019.fcs",,,745,1410,5849,627,1462,2052,1453
22xx_Nil_018.fcs,,,826,1448,16420,685,1320,2040,1368
22xx_SEB_021.fcs,,,5093,1348,3259,683,1290,2588,1350
10411_BCG_024.fcs,,,6614,2173,6703,608,6054,8973,1561
"10411_E,2f,C_023.fcs",,,1768,2148,6067,978,5737,3686,1541
10411_HIV_025.fcs,,,1344,2072,8355,740,5509,2275,1781
10411_Nil_022.fcs,,,1288,1788,5235,781,5938,3561,1748
10510_BCG_020.fcs,,,8706,1764,4185,853,2665,13796,1661
"10510_E,2f,C_019.fcs",,,1583,1680,3777,720,1902,3089,1906
10510_Nil_018.fcs,,,1187,1492,4380,819,2156,2115,1576
10510_SEB_021.fcs,,,6614,1342,5370,800,1473,11719,1397
"11611_E,2f,C_027.fcs",,,6474,1119,3366,637,1230,7381,1204
11611_HIV_028.fcs,,,1384,1397,8543,672,1280,3016,1232
11611_Nil_026.fcs,,,855,1223,n/a,658,1065,2723,1246
11611_SEB_029.fcs,,,10019,1718,4361,682,918,16458,1478
21430_BCG_024.fcs,,,10202,1386,4444,633,2037,6133,1263
"21430_E,2f,C_023.fcs",,,1285,1051,10110,643,1199,2433,1529
21430_Nil_022.fcs,,,1317,1297,14961,619,1206,2660,1186
21430_SEB_025.fcs,,,7414,1345,2686,885,1456,5938,1661
22020_BCG_029.fcs,,,1022,1464,5737,1026,1283,3170,1585
"22020_E,2f,C_028.fcs",,,1172,1394,8027,846,1206,4193,1567
22020_Nil_027.fcs,,,1101,1402,7003,857,1263,5462,1518
22020_SEB_030.fcs,,,3619,1249,6616,862,1040,5268,1487
10611_BCG_030.fcs,,,19027,1953,4302,789,1294,7333,4049
"10611_E,2f,C_028.fcs",,,17048,2210,10094,775,1399,2619,4594
10611_HIV_029.fcs,,,3797,2419,1578,779,1068,2206,5370
10611_Nil_027.fcs,,,11199,1961,3476,781,1407,7546,4547
10611_SEB_031.fcs,,,7268,2013,1175,830,1306,6559,4016
20640_BCG_034.fcs,,,5650,1585,4116,737,3561,2888,2992
"20640_E,2f,C_033.fcs",,,4290,1573,7707,758,3999,2253,3319
20640_Nil_032.fcs,,,4496,1600,9955,742,3963,2519,3107
20640_SEB_035.fcs,,,6564,1086,9163,727,1692,2771,3325
21711_BCG_025.fcs,,,6107,1384,3125,747,1407,2476,2712
"21711_E,2f,C_023.fcs",,,4583,1475,4576,755,2483,1661,2788
21711_HIV_024.fcs,,,9279,1451,1542,762,1021,2837,3004
21711_Nil_022.fcs,,,6085,1418,8459,743,1358,5180,2697
21711_SEB_026.fcs,,,8764,1437,3405,769,1518,2987,2755
10111_BCG_033.fcs,,,15135,1825,978,774,2021,18243,3504
10111_HIV_034.fcs,,,9095,1606,25702,826,5279,4211,3942
10111_Nil_032.fcs,,,24508,1788,3182,803,5007,1312,3999
10111_SEB_035.fcs,,,8581,1748,4219,789,1302,5989,2849
20520_BCG_025.fcs,,,22079,2068,15819,828,2500,1624,3420
20520_BCG_024.fcs,,,21010,2006,16887,849,2346,1771,3305
"20520_E,2f,C_026.fcs",,,22502,1489,14151,857,1870,1239,3539
20520_Nil_023.fcs,,,23261,1968,15782,851,2240,1283,4066
20520_SEB_027.fcs,,,6531,1791,1573,816,2025,3089,3286
20630_BCG _020.fcs,,,20520,1791,9974,812,1767,2457,2882
"20630_E,2f,C_021.fcs",,,21411,1899,23819,791,1968,1693,3058
20630_Nil_018.fcs,,,22824,1846,14054,794,2107,1266,3151
20630_SEB_022.fcs,,,6390,890,5347,817,1138,3058,2728
13511_BCG_029.fcs,,,6703,1136,5912,750,1811,1777,2739
"13511_E,2f,C_028.fcs",,,7095,984,8081,873,1310,1972,2992
13511_HIV_030.fcs,,,5347,1051,4575,1141,1512,1863,2691
13511_Nil_027.fcs,,,6631,1049,8318,732,1424,1722,3028
13511_SEB_031.fcs,,,6911,873,5701,1325,1235,1946,2288
13911_BCG_024.fcs,,,6733,1195,8117,772,1849,2524,3034
"13911_E,2f,C_023.fcs",,,6308,964,10626,1051,1434,1892,2877
13911_HIV_025.fcs,,,6896,1119,1529,962,1585,1788,2877
13911_Nil_022.fcs,,,6573,1179,27150,774,1791,1639,3101
23930_11-6-15_BCG_019.fcs,365,1731,2173,3967,920,952,1972,4202,1917
"23930_11-6-15_E,2f,C_020.fcs",363,1307,946,2524,262,866,1487,13114,6160
23930_11-6-15_SEB_021.fcs,470,2676,1437,1798,250,713,n/a,4202,3292
23930_11-6-15_aNil_018.fcs,383,1541,464,5071,302,1006,869,5533,3476
24320_20-7-15_BCG_032.fcs,506,1532,1394,3266,229,697,3634,2837,1931
"24320_20-7-15_E,2f,C_033.fcs",440,3089,1791,3656,772,694,4032,4142,2419
24320_20-7-15_SEB_034.fcs,461,782,3413,2624,250,752,3372,2563,2240
24320_20-7-15_aNil_031.fcs,451,2140,986,3855,474,653,4325,3754,1987
29640_21-10-15_BCG_027.fcs,464,864,1751,3221,373,661,1523,2911,1661
"29640_21-10-15_E,2f,C_028.fcs",447,864,1246,2981,370,658,1591,2650,1860
29640_21-10-15_SEB_029.fcs,491,796,4167,2563,302,669,1330,2168,2185
29640_21-10-15_aNil_026.fcs,451,1141,862,3366,309,668,1547,1815,1987
211120_12-10-15_BCG_023.fcs,380,814,2558,4159,421,674,1426,3886,1633
"211120_12-10-15_E,2f,C_024.fcs",385,2593,3626,3312,718,663,1225,4041,1774
211120_12-10-15_SEB_025.fcs,412,2691,4108,3847,314,702,1168,2087,1961
211120_12-10-15_aNil_022.fcs,371,2917,956,4334,471,685,1360,4997,1642
15411 2-7-15_BCG_019.fcs,461,2928,6836,2975,945,649,1285,7579,2382
"15411 2-7-15_E,2f,C_020.fcs",439,2279,6080,2624,1161,685,1106,4614,2471
15411 2-7-15_HIV_022.fcs,460,2480,1475,2788,529,639,1138,3462,2257
15411 2-7-15_Nil_018.fcs,450,2310,2346,2882,559,644,1199,3441,2323
15411 2-7-15_SEB_021.fcs,489,2013,3678,2917,359,671,1345,3918,2270
17010 6-30-15_BCG_037.fcs,427,3028,4872,2382,360,840,3386,7365,2087
"17010 6-30-15_E,2f,C_038.fcs",401,1728,6002,2821,503,880,3107,5451,2193
17010 6-30-15_Nil_036.fcs,418,1902,2899,2593,279,807,3420,2346,2029
17010 6-30-15_SEB_039.fcs,457,903,3816,2400,293,835,3902,3469,2144
111110 10-12-15_BCG_033.fcs,541,2270,6213,2173,321,652,1179,4125,2076
"111110 10-12-15_E,2f,C_034.fcs",496,1280,10970,2056,475,710,1261,3855,2029
111110 10-12-15_Nil_032.fcs,545,1835,2037,1968,373,653,1237,2262,2119
111110 10-12-15_SEB_035.fcs,515,864,5592,1972,314,695,1273,2490,1920
111220 2-11-15_BCG_028.fcs,515,1784,3352,2660,470,628,1202,4398,1877
"111220 2-11-15_E,2f,C_029.fcs",488,1529,5060,2614,416,638,1110,5837,2080
111220 2-11-15_Nil_027.fcs,483,3583,2670,2461,261,660,1080,2583,2056
112730 1-26-16_BCG_024.fcs,517,1939,6002,3201,373,666,1603,4246,1998
"112730 1-26-16_E,2f,C_025.fcs",484,1761,1541,3208,676,728,1738,2529,2156
112730 1-26-16_Nil_023.fcs,521,2619,1794,2992,984,700,1585,2111,1961
112730 1-26-16_SEB_026.fcs,497,886,2734,3208,287,703,1579,2992,1917
20330 28-02-15_BCG_032.fcs,492,2563,3999,4133,683,652,2799,4924,1470
"20330 28-02-15_E,2f,C_033.fcs",484,2056,4872,5147,1026,653,2981,6107,1561
20330 28-02-15_Nil_031.fcs,574,2164,2691,4263,852,703,2219,3279,1515
20330 28-02-15_SEB_034.fcs,580,831,2655,4711,309,705,2676,3511,1487
20620 01-12-14_BCG_028.fcs,521,4490,2013,1832,455,725,2350,4472,1459
"20620 01-12-14_E,2f,C_029.fcs",531,1330,1541,3823,1063,793,2270,3400,1437
20620 01-12-14_Nil_027.fcs,516,4481,1484,2539,469,770,2433,4472,1366
20620 01-12-14_SEB_030.fcs,539,2346,3448,2461,401,767,2206,3170,1381
27410 08-07-15_BCG_024.fcs,672,2040,5474,3999,974,653,3504,2969,1712
"27410 08-07-15_E,2f,C_025.fcs",562,2072,4444,4518,289,666,3723,4380,1591
27410 08-07-15_Nil_023.fcs,669,2614,1283,3490,280,677,3234,6226,1709
27410 08-07-15_SEB_026.fcs,648,757,4913,2665,300,707,2655,3693,1825
211130 22-10-15_BCG_019.fcs,456,2849,3597,3400,n/a,665,1512,7529,1475
"211130 22-10-15_E,2f,C_020.fcs",462,1612,9729,3967,850,676,1811,8010,1371
211130 22-10-15_Nil_018.fcs,484,1547,2052,3597,946,669,1658,3352,1478
23940 AscSero+ 2month 11-Jan-15_BCG_019.fcs,445,3469,2563,2341,2697,857,1722,3739,1440
"23940 AscSero+ 2month 11-Jan-15_E,2f,C_020.fcs",388,782,1432,2253,1722,948,3583,7800,1523
23940 AscSero+ 2month 11-Jan-15_Nil_018.fcs,401,1057,1445,2634,271,805,1677,4263,1594